1111,Gabby ,Corpus Christi ,American 
1112,John,St. Thomas,American 
1113,Wynn,Houston,American 
1114,Max ,Sydney ,Australian 
1115,Robes-Pierre ,Paris,French
1116,Cassandra,Mexico City,Mexican 
1117,Sarah,College Station,American 
1118,Jiro ,Tokyo ,Japanese 
1119,Harry,Pittsburg,American 
2222,Loyd,Pittsburg,American 
2223,Kim ,Pyongyang,North Korean
2224,Donald,Miami ,American 
2225,Albert ,Berlin,German 
2226,Adolf,Vienna ,Austrian 
2227,Karl ,St.Petersburg,Russian 
2228,Mao ,Bejing ,Chinese 
2229,Abraham,Springfield,American 
3333,Pele ,Sau Paulo ,Brazilian 
3331,Derrick ,New York City ,American 
3332,Will,Miami ,American 
3334,Nico ,Los Angeles ,American 
3335,Fidel ,Havana ,Cuban 
3336,John ,Boston ,American 
3337,Jospeh,Moscow ,Russian 
3338,Vladimir ,Moscow ,Russian 
3339,Katie ,D.C. ,American 
4441,Alexa ,Houston, American 
4442,Heather ,Asheville ,American 
4443,Jesus,Bethleham ,Isreali 
4444,Michael ,Jonestown ,American 
4445,Sandeep,New Dehli ,Indian 
4446,Muhammed ,Dubai ,Arabian 
4447,Greg,Boston ,American 
4448,Brenda ,Buenes Aires ,Argentinian 
4449,Frank,Philidelphia ,American 
5551,Charlie ,Philidelphia ,American 
5552,Mac,Philidelphia ,American
5553,Dennis,Philidelphia ,Ameriican
5554,Dee,Philidelphia ,American
5555,Marcus ,San Antonio,American 
5556,Cameron,Johannesburg,South African
5557,Tony,New York City ,American
5558,T'Challa ,Wakanda ,Wakandan 
5559,Steve,New York City ,American
6661,Natalia ,Moscow ,Russian 
6662,Bruce,San Francisco ,American
6663,Thor,Asgard ,Asgardian 
6664,Nick,D.C. ,American 
6665,Thanos,Titan,Titan 
6666,Brittany ,Houston ,American 
